"Customweb_UnzerCw::!label (Live)","!label (Live)"
"Customweb_UnzerCw::!label (Test)","!label (Test)"
"Customweb_UnzerCw::* Required Fields","* Required Fields"
"Customweb_UnzerCw::-- No Status Change --","-- No Status Change --"
"Customweb_UnzerCw::3D Secure","3D Secure"
"Customweb_UnzerCw::3D Secure Authentication","3D Secure Authentication"
"Customweb_UnzerCw::3D Secure failed","3D Secure mislukt"
"Customweb_UnzerCw::3D Secure sucess","3D Secure succes"
"Customweb_UnzerCw::<p>By signing this mandate form, you authorise @merchantName to send instructions to your bank to debit your account and your bank to debit your account in accordance with the instructions from @merchantName.</p><p>Note: As part of your rights, you are entitled to a refund from your bank under the terms and conditions of your agreement with your bank. A refund must be claimed within 8 weeks starting from the date on which your account was debited. Your rights regarding this SEPA mandate are explained in a statement that you can obtain from your bank.</p><p>In case of refusal or rejection of direct debit payment I instruct my bank irrevocably to inform @merchantName or any third party upon request about my name, address and date of birth.</p>","<p>By signing this mandate form, you authorise @merchantName to send instructions to your bank to debit your account and your bank to debit your account in accordance with the instructions from @merchantName.</p><p>Note: As part of your rights, you are entitled to a refund from your bank under the terms and conditions of your agreement with your bank. A refund must be claimed within 8 weeks starting from the date on which your account was debited. Your rights regarding this SEPA mandate are explained in a statement that you can obtain from your bank.</p><p>In case of refusal or rejection of direct debit payment I instruct my bank irrevocably to inform @merchantName or any third party upon request about my name, address and date of birth.</p>"
"Customweb_UnzerCw::<p>By signing this mandate form, you authorise @merchantName to send instructions to your bank to debit your account and your bank to debit your account in accordance with the instructions from @merchantName.</p><p>Note: As part of your rights, you are entitled to a refund from your bank under the terms and conditions of your agreement with your bank. A refund must be claimed within 8 weeks starting from the date on which your account was debited. Your rights regarding this SEPA mandate are explained in a statement that you can obtain from your bank.</p>p>In case of refusal or rejection of direct debit payment I instruct my bank irrevocably to inform @merchantName or any third party upon request about my name, address and date of birth.</p>","<p>By signing this mandate form, you authorise @merchantName to send instructions to your bank to debit your account and your bank to debit your account in accordance with the instructions from @merchantName.</p><p>Note: As part of your rights, you are entitled to a refund from your bank under the terms and conditions of your agreement with your bank. A refund must be claimed within 8 weeks starting from the date on which your account was debited. Your rights regarding this SEPA mandate are explained in a statement that you can obtain from your bank.</p>p>In case of refusal or rejection of direct debit payment I instruct my bank irrevocably to inform @merchantName or any third party upon request about my name, address and date of birth.</p>"
"Customweb_UnzerCw::@prepend: @error","@prepend: @error"
"Customweb_UnzerCw::A authorized transaction cannot be authorized again.","Een geautoriseerde transactie kan niet worden weer geautoriseerd."
"Customweb_UnzerCw::A authorized transaction cannot be marked as failed.","Een geautoriseerde transactie kan niet worden gemarkeerd als mislukt."
"Customweb_UnzerCw::A cancelled transaction cannot be authorized.","Een geannuleerde transactie kan niet worden geautoriseerd."
"Customweb_UnzerCw::A cancelled transaction cannot be cancelled again.","Een geannuleerde transactie kan niet worden weer geannuleerd."
"Customweb_UnzerCw::A cancelled transaction cannot be captured.","Een geannuleerde transactie kan niet worden weer opgenomen."
"Customweb_UnzerCw::A cancelled transaction cannot be marked as failed.","Een geannuleerde transactie kan niet worden gemarkeerd als mislukt."
"Customweb_UnzerCw::A cancelled transaction cannot be refunded.","Een geannuleerde transactie kan niet worden bijgeschreven."
"Customweb_UnzerCw::A captured transaction cannot be authorized.","Een opgenomen transactie kan niet worden geautoriseerd."
"Customweb_UnzerCw::A captured transaction cannot be cancelled.","Een opgenomen transactie kan niet worden geannuleerd."
"Customweb_UnzerCw::A captured transaction cannot be marked as failed.","Een opgenomen transactie kan niet worden gemarkeerd als mislukt."
"Customweb_UnzerCw::A chargeback with id @id has been received for @amount. Please review this transaction manually.","A chargeback with id @id has been received for @amount. Please review this transaction manually."
"Customweb_UnzerCw::A failed authorization cannot be authorized.","Een mislukte autorisatie kan niet worden geautoriseerd."
"Customweb_UnzerCw::A payment method may not available for customers from different counties. You can decide when this availability check should happen. We recommend to set it during authorization","Sommige betaalmethoden zijn niet beschikbaar voor bepaalde landen. U kunt de tijd waarop de beschikbaarheid cheque te voeren taken. Wij adviseren om op 'Tijdens de autorisatie'."
"Customweb_UnzerCw::A refund was added over !amount.","Een terugbetaling van !amount werd toegevoegd."
"Customweb_UnzerCw::A transaction may be uncertain, when the payment is not guaranteed. For example in case the credit card does not participate in the 3D procedure.","Een transactie kan onveilig zijn als de betaling niet is gegarandeerd. Bijvoorbeeld, als de credit card niet tot het 3D Secure proces."
"Customweb_UnzerCw::About","About"
"Customweb_UnzerCw::Account Holder Name","Naam rekeninghouder"
"Customweb_UnzerCw::Account owner name.","Rekeninghouder naam"
"Customweb_UnzerCw::Action","Actie"
"Customweb_UnzerCw::Actions","Actions"
"Customweb_UnzerCw::Activate","Activate"
"Customweb_UnzerCw::Activate the payment methods you would like to offer.","Activate the payment methods you would like to offer."
"Customweb_UnzerCw::Active","Active"
"Customweb_UnzerCw::Additional Information","Additional Information"
"Customweb_UnzerCw::Adjust Qty","Pas de hoeveelheid"
"Customweb_UnzerCw::Adjustment Discount","Adjustment Discount"
"Customweb_UnzerCw::Adjustment Fee","Adjustment Fee"
"Customweb_UnzerCw::After payment selection","Na het selecteren van de betaalmethode"
"Customweb_UnzerCw::Ajax authorization not supported.","Ajax machtiging wordt niet ondersteund."
"Customweb_UnzerCw::Alias","Alias"
"Customweb_UnzerCw::Alias For Display","Alias ​​voor Beeldscherm"
"Customweb_UnzerCw::All Customers","All Customers"
"Customweb_UnzerCw::Allowed Currencies","Allowed Currencies"
"Customweb_UnzerCw::Allowed currencies for this payment method","Toegestane valuta voor deze betaalmethode"
"Customweb_UnzerCw::Already registered?","Already registered?"
"Customweb_UnzerCw::Always Checkout as Guest","Always Checkout as Guest"
"Customweb_UnzerCw::American Express","American Express"
"Customweb_UnzerCw::Amount","Bedrag"
"Customweb_UnzerCw::Amount Incl. Tax","Amount Incl. Tax"
"Customweb_UnzerCw::An unknown error occurred.","An unknown error occurred."
"Customweb_UnzerCw::An unkown error occurred.","An unkown error occurred."
"Customweb_UnzerCw::An unkown exception occurred: @message.","An unkown exception occurred: @message."
"Customweb_UnzerCw::Applied Interest Rate","Applied Interest Rate"
"Customweb_UnzerCw::Are you sure you want to cancel this order?","Are you sure you want to cancel this order?"
"Customweb_UnzerCw::Author","Author"
"Customweb_UnzerCw::Authorization Amount","Autorisatie bedrag"
"Customweb_UnzerCw::Authorization Failed","Autorisatie mislukt"
"Customweb_UnzerCw::Authorization Method","Autorisatie Methode"
"Customweb_UnzerCw::Authorization is uncertain.","Autorisatie is onzeker"
"Customweb_UnzerCw::Authorize","Authorize"
"Customweb_UnzerCw::Authorized Status","Authorized Status"
"Customweb_UnzerCw::Await Notification","Await Notification"
"Customweb_UnzerCw::Awaiting confirmation","Awaiting confirmation"
"Customweb_UnzerCw::BIC","BIC"
"Customweb_UnzerCw::Bad signature format.","Bad signature format."
"Customweb_UnzerCw::Bank Location","Bank Locatie"
"Customweb_UnzerCw::Bank Name","Bank Naam"
"Customweb_UnzerCw::Bank account number","Bankrekeningnummer"
"Customweb_UnzerCw::Bank code number","Bankcode"
"Customweb_UnzerCw::Before payment selection","Vóór het selecteren van de betaalmethode"
"Customweb_UnzerCw::Billing Address","Billing Address"
"Customweb_UnzerCw::Billing Information","Billing Information"
"Customweb_UnzerCw::Billing address","Factuuradres"
"Customweb_UnzerCw::Brand Name","Brand Name"
"Customweb_UnzerCw::By setting the capturing the reservation can be captured directly after the order or later manually over the backend of the store.","By setting the capturing the reservation can be captured directly after the order or later manually over the backend of the store."
"Customweb_UnzerCw::CVC","CVC"
"Customweb_UnzerCw::CVC Code","CVC Code"
"Customweb_UnzerCw::Cancel","Cancel"
"Customweb_UnzerCw::Cancel ID","Cancel ID"
"Customweb_UnzerCw::Cancel pending orders when out of stock","Lopende orders te annuleren als het item is niet langer op voorraad."
"Customweb_UnzerCw::Cancel status","Cancel status"
"Customweb_UnzerCw::Canceled UnzerCw","Canceled UnzerCw"
"Customweb_UnzerCw::Canceling of this payment not possible!","Deze betaling kan niet worden geannuleerd!"
"Customweb_UnzerCw::Cancelled @amount using id @id.","Cancelled @amount using id @id."
"Customweb_UnzerCw::Cancelled Status","Cancelled Status"
"Customweb_UnzerCw::Cancelling @amount for charge with id @id.","Cancelling @amount for charge with id @id."
"Customweb_UnzerCw::Cannot update item quantity.","Kan product hoeveelheid niet bijwerken."
"Customweb_UnzerCw::Capture Amount","Capture Amount"
"Customweb_UnzerCw::Capture ID","Capture ID"
"Customweb_UnzerCw::Capture amount","Capture bedrag"
"Customweb_UnzerCw::Capture information","Boekingsinformatie"
"Customweb_UnzerCw::Capture status","Capture status"
"Customweb_UnzerCw::Capture: Don't Close","Capture: Don't Close"
"Customweb_UnzerCw::Captured Amount","Opgenomen bedrag"
"Customweb_UnzerCw::Captured Status","Captured Status"
"Customweb_UnzerCw::Captured amount (@captured) does not equal charged amount (@charged). Please check in your Unzer backend.","Captured amount (@captured) does not equal charged amount (@charged). Please check in your Unzer backend."
"Customweb_UnzerCw::Captures","Captures"
"Customweb_UnzerCw::Captures & Refunds","Captures & Refunds"
"Customweb_UnzerCw::Capturing","Boeking"
"Customweb_UnzerCw::Card 3Ds","Card 3Ds"
"Customweb_UnzerCw::Card Brand","Card Brand"
"Customweb_UnzerCw::Card Expiration","Kaart vervaldatum"
"Customweb_UnzerCw::Card Expiry","Card Expiry"
"Customweb_UnzerCw::Card Holder Name","Kaarthouder"
"Customweb_UnzerCw::Card Number","Kaartnummer"
"Customweb_UnzerCw::Carrier Title","Carrier Title"
"Customweb_UnzerCw::Charge @id for @amount received and processed.","Charge @id for @amount received and processed."
"Customweb_UnzerCw::Charge @id over @amount was created.","Charge @id over @amount was created."
"Customweb_UnzerCw::Charge ID","Charge ID"
"Customweb_UnzerCw::Check out faster","Check out faster"
"Customweb_UnzerCw::Check to activate the external checkout.","Check to activate the external checkout."
"Customweb_UnzerCw::Checkout","Checkout"
"Customweb_UnzerCw::Checkout as Guest","Checkout as Guest"
"Customweb_UnzerCw::Checkout as a Guest or Register","Checkout as a Guest or Register"
"Customweb_UnzerCw::Checkout as a new customer","Checkout as a new customer"
"Customweb_UnzerCw::Checkout using your account","Checkout using your account"
"Customweb_UnzerCw::Choose settlement after order in case you want an invoice to be created with your oder. The state of the invoice will set according to your capture status","Choose settlement after order in case you want an invoice to be created with your oder. The state of the invoice will set according to your capture status"
"Customweb_UnzerCw::Choose settlement after order in case you want an invoice to be created with your oder. The state of the invoice will set according to your capture status. For captured payments, an invoice is always created.","Selecteer 'Creatie na de bestelling' als u wilt dat een factuur wordt gecreëerd. De status van de bestelling is gebaseerd op de boeken van de status. Voor vastgelegde betalingen wordt altijd een factuur aangemaakt."
"Customweb_UnzerCw::Code: '@code'","Code: '@code'"
"Customweb_UnzerCw::Commercial Register Number","Commercial Register Number"
"Customweb_UnzerCw::Commercial Sector","Commercial Sector"
"Customweb_UnzerCw::Company Commercial Number","Company Commerciële Nummer"
"Customweb_UnzerCw::Confirm Password","Confirm Password"
"Customweb_UnzerCw::Continue","Voortzetten"
"Customweb_UnzerCw::Could not convert object of type '!type' to string.","Kan niet converteren object van het type '!type' naar een string."
"Customweb_UnzerCw::Could not find a brand for the given card number.","Kan een merk voor de opgegeven kaartnummer niet vinden."
"Customweb_UnzerCw::Could not find pressed button.","Kon ingedrukte knop niet vinden."
"Customweb_UnzerCw::Could not find template file at default location '!location'.","Kan template bestand niet vinden op standaard locatie '!location'."
"Customweb_UnzerCw::Could not find the payment method !paymentMethodName.","Kan de betaalmethode !paymentMethodName niet vinden."
"Customweb_UnzerCw::Could not load layout from URL !url. Reason: !reason","Kon layout niet laden van URL !url. Reden: !reason"
"Customweb_UnzerCw::Create Account","Create Account"
"Customweb_UnzerCw::Create New Order - Payment","Create New Order - Payment"
"Customweb_UnzerCw::Create a recurring payment, with an existing alias is not supported","Create a recurring payment, with an existing alias is not supported"
"Customweb_UnzerCw::Created type is not recurring.","Created type is not recurring."
"Customweb_UnzerCw::Creating an account has many benefits:","Creating an account has many benefits:"
"Customweb_UnzerCw::Creating new charge failed: @message.","Creating new charge failed: @message."
"Customweb_UnzerCw::Creation Date","Creation Date"
"Customweb_UnzerCw::Credit Card Brands","Credit Card Brands"
"Customweb_UnzerCw::Credit Memo History","Credit Memo History"
"Customweb_UnzerCw::Credit Memo Totals","Credit Memo Totals"
"Customweb_UnzerCw::Credit memo's total must be positive.","Did you mean: Credit memos total must be positive.Totale creditnota's moet positief zijn."
"Customweb_UnzerCw::Currency","Valuta"
"Customweb_UnzerCw::Current Configuration Scope:","Huidige omvang van de configuratie:"
"Customweb_UnzerCw::Customer Account","Customer Account"
"Customweb_UnzerCw::Customer Alias Management","Customer Alias Management"
"Customweb_UnzerCw::Customer successfully returned from UnzerCw","De cliënt heeft met succes teruggekeerd van UnzerCw."
"Customweb_UnzerCw::Customer successfully returned from Unzer","Klant met succes terug uit Unzer"
"Customweb_UnzerCw::Customer sucessfully returned from the UnzerCw payment page.","Customer sucessfully returned from the UnzerCw payment page."
"Customweb_UnzerCw::Customers","Customers"
"Customweb_UnzerCw::Customweb","Customweb"
"Customweb_UnzerCw::Date","Datum"
"Customweb_UnzerCw::Date of Birth","Geboortedatum"
"Customweb_UnzerCw::Day","Dag"
"Customweb_UnzerCw::Deactivate","Deactivate"
"Customweb_UnzerCw::Dear customer we have received your billing and shipping information. In order to finish your order please create an account below or checkout as guest.","Dear customer we have received your billing and shipping information. In order to finish your order please create an account below or checkout as guest."
"Customweb_UnzerCw::Dear customer, it appears to us that your payment was successful, but we are still waiting for confirmation. You can wait on this page and we will redirect you after we received the confirmation. Or you can close this window and we will send out an order confirmation email.","Dear customer, it appears to us that your payment was successful, but we are still waiting for confirmation. You can wait on this page and we will redirect you after we received the confirmation. Or you can close this window and we will send out an order confirmation email."
"Customweb_UnzerCw::Default Config","Standaardconfiguratie"
"Customweb_UnzerCw::Deferred (authorization)","Deferred (authorization)"
"Customweb_UnzerCw::Deferred capturing","De vertraagde boeking"
"Customweb_UnzerCw::Deferred settlement","Vertraagde creatie"
"Customweb_UnzerCw::Define a maximal order total for this checkout to be available.","Define a maximal order total for this checkout to be available."
"Customweb_UnzerCw::Define a minimal order total for this checkout to be available.","Define a minimal order total for this checkout to be available."
"Customweb_UnzerCw::Delayed","Vertraagd"
"Customweb_UnzerCw::Delete","Verwijder"
"Customweb_UnzerCw::Delivery address","Afleveradres"
"Customweb_UnzerCw::Description","Beschrijving"
"Customweb_UnzerCw::Diners Club","Diners Club"
"Customweb_UnzerCw::Direct Charge","Direct Charge"
"Customweb_UnzerCw::Direct Debits","Direct Debits"
"Customweb_UnzerCw::Direct E-Banking","Direct E-Banking"
"Customweb_UnzerCw::Direct capture after order","Directe boeking"
"Customweb_UnzerCw::Directly after order (sale)","Directly after order (sale)"
"Customweb_UnzerCw::Disabled","Invalide"
"Customweb_UnzerCw::Discount","Discount"
"Customweb_UnzerCw::Discount Amount","Bedrag van de korting"
"Customweb_UnzerCw::Do not send","Do not send"
"Customweb_UnzerCw::Don't change order status","Don't change order status"
"Customweb_UnzerCw::During authorization","Tijdens de autorisatie"
"Customweb_UnzerCw::Edit","Bewerken"
"Customweb_UnzerCw::Edit Invoice %s","Edit Invoice %s"
"Customweb_UnzerCw::Either enter your commercial register number, or all other fields which are displayed.","Either enter your commercial register number, or all other fields which are displayed."
"Customweb_UnzerCw::Element Size","Element Size"
"Customweb_UnzerCw::Email","Email"
"Customweb_UnzerCw::Email Address","Email Address"
"Customweb_UnzerCw::Empty version number field name","Empty version number field name"
"Customweb_UnzerCw::Enable or disable logging.","Enable or disable logging."
"Customweb_UnzerCw::Enable the payment method","Betaalmethode inschakelen"
"Customweb_UnzerCw::Enabled","Ingeschakeld"
"Customweb_UnzerCw::Enter the date on which your card expires.","Voer de vervaldatum van de kaart"
"Customweb_UnzerCw::Enter the public and private key received from Unzer.","Enter the public and private key received from Unzer."
"Customweb_UnzerCw::Enter the sector your company operates in, e.g. finance.","Enter the sector your company operates in, e.g. finance."
"Customweb_UnzerCw::Enter your email address.","Enter your email address."
"Customweb_UnzerCw::Enter your preferred salutation.","Enter your preferred salutation."
"Customweb_UnzerCw::Error with the length of the validation date.","Error with the length of the validation date."
"Customweb_UnzerCw::Excl. Tax","Excl. belasting"
"Customweb_UnzerCw::Expiry Date","Expiry Date"
"Customweb_UnzerCw::External Checkout","External Checkout"
"Customweb_UnzerCw::External Checkout: Guest Checkout","External Checkout: Guest Checkout"
"Customweb_UnzerCw::Failed","Mislukt"
"Customweb_UnzerCw::Failed payment authorization.","Mislukte betaling toestemming."
"Customweb_UnzerCw::Figure !number:","Figure !number:"
"Customweb_UnzerCw::Forgot Your Password?","Forgot Your Password?"
"Customweb_UnzerCw::Forgot your password?","Forgot your password?"
"Customweb_UnzerCw::Get Update","Get Update"
"Customweb_UnzerCw::Here you can configure the merchant name which is displayed as part of the mandate text.","Here you can configure the merchant name which is displayed as part of the mandate text."
"Customweb_UnzerCw::Here you can insert an order prefix. The prefix allows you to change the order number that is transmitted to Authorize.net. The prefix must contain the tag {id}. It will then be replaced by the order number (e.g. name_{id}).","Here you can insert an order prefix. The prefix allows you to change the order number that is transmitted to Authorize.net. The prefix must contain the tag {id}. It will then be replaced by the order number (e.g. name_{id})."
"Customweb_UnzerCw::Here you can set a schema for the invoiceId parameter transmitted to identify the payment. If left empty it is not transmitted. The following placeholders can be used: {oid} for the order id, which may not be unique or set; {tid} for the sellxed transaction id which is a unique number, or {id} which contains the order id and is guaranteed to be unique.","Here you can set a schema for the invoiceId parameter transmitted to identify the payment. If left empty it is not transmitted. The following placeholders can be used: {oid} for the order id, which may not be unique or set; {tid} for the sellxed transaction id which is a unique number, or {id} which contains the order id and is guaranteed to be unique."
"Customweb_UnzerCw::Here you can set a schema for the orderId parameter transmitted to identify the payment. If left empty it is not transmitted. The following placeholders can be used: {oid} for the order id, which may not be unique or set; {tid} for the sellxed transaction id which is a unique number, or {id} which contains the order id and is guaranteed to be unique.","Here you can set a schema for the orderId parameter transmitted to identify the payment. If left empty it is not transmitted. The following placeholders can be used: {oid} for the order id, which may not be unique or set; {tid} for the sellxed transaction id which is a unique number, or {id} which contains the order id and is guaranteed to be unique."
"Customweb_UnzerCw::Here you can set a schema for the paymentReference parameter transmitted to identify the payment. If left empty it is not transmitted. The following placeholders can be used: {oid} for the order id, which may not be unique or set; {tid} for the sellxed transaction id which is a unique number, or {id} which contains the order id and is guaranteed to be unique.","Here you can set a schema for the paymentReference parameter transmitted to identify the payment. If left empty it is not transmitted. The following placeholders can be used: {oid} for the order id, which may not be unique or set; {tid} for the sellxed transaction id which is a unique number, or {id} which contains the order id and is guaranteed to be unique."
"Customweb_UnzerCw::Hide","Hide"
"Customweb_UnzerCw::How should elements from Unzer be loaded? With narrow elements the element label is displayed by the store, with wide elements it is loaded via javascript by Unzer. The input elements are always loaded from Unzer.","How should elements from Unzer be loaded? With narrow elements the element label is displayed by the store, with wide elements it is loaded via javascript by Unzer. The input elements are always loaded from Unzer."
"Customweb_UnzerCw::IBAN","IBAN"
"Customweb_UnzerCw::IBAN number","IBAN-nummer"
"Customweb_UnzerCw::If a product is in stock only once and the payment of the customer ordering this product fails or is aborted, it won't be available until the order is canceled (see timeout option below). Enable this setting to cancel the customer's pending orders when he returns to the cart page and a product is not available anymore.","Als er slechts een product op voorraad is en de betaling van de klant (de exacte koopt dit product) faalt, zolang het product wordt gereserveerd tot de bestelling wordt geannuleerd (zie Time-out optie). Schakel deze optie in als u NIET wilt dat het product zal worden gereserveerd. Bestellingen met een mislukte of afgebroken status van de betaling wordt meteen geannuleerd."
"Customweb_UnzerCw::If a product is in stock only once and the payment of the customer ordering this product fails or is aborted, it won't be available until the order is canceled (see timeout option below). Enable this setting to cancel the customer's pending orders when he returns to the cart page and a product is not available anymore. Be careful though: If you enable this option, there is a chance that payments are made with the corresponding order being already canceled.","If a product is in stock only once and the payment of the customer ordering this product fails or is aborted, it won't be available until the order is canceled (see timeout option below). Enable this setting to cancel the customer's pending orders when he returns to the cart page and a product is not available anymore. Be careful though: If you enable this option, there is a chance that payments are made with the corresponding order being already canceled."
"Customweb_UnzerCw::If it is not applicable leave the field empty.","Als het niet van toepassing laat het veld leeg."
"Customweb_UnzerCw::If the status is 'Pending' it is unclear whether the transaction will be cancelled successfully.","Als de status 'Pending' het is onduidelijk of de transactie met succes zal worden geannuleerd."
"Customweb_UnzerCw::If the status is 'Pending' it is unclear whether the transaction will be captured successfully.","Als de status 'Pending' het is onduidelijk of de transactie met succes zal worden vastgelegd."
"Customweb_UnzerCw::If the status is 'Pending' it is unclear whether the transaction will be refunded successfully.","Als de status 'Pending' het is onduidelijk of de transactie met succes zal worden terugbetaald."
"Customweb_UnzerCw::If the test mode is selected the test account is used. Otherwise the configured account is used.","If the test mode is selected the test account is used. Otherwise the configured account is used."
"Customweb_UnzerCw::If you have any issues with the module please feel free to contact us. See our <a href='https://www.sellxed.com/en/support' target='_blank'>support page</a> for more information.","If you have any issues with the module please feel free to contact us. See our <a href='https://www.sellxed.com/en/support' target='_blank'>support page</a> for more information."
"Customweb_UnzerCw::If you would like to use recurring payments, you need our magento module ""Customweb Subscription"". For further information go to <a href=""http://www.sellxed.com/shop/"" target=""_blank"">sellxed.com</a>.","If you would like to use recurring payments, you need our magento module ""Customweb Subscription"". For further information go to <a href=""http://www.sellxed.com/shop/"" target=""_blank"">sellxed.com</a>."
"Customweb_UnzerCw::Image Brand Selection","Image Brand Selection"
"Customweb_UnzerCw::In some cases it may take a few seconds until the transaction is successfully authorized. When this option is enabled, the notification is awaited.","In some cases it may take a few seconds until the transaction is successfully authorized. When this option is enabled, the notification is awaited."
"Customweb_UnzerCw::In some cases payment methods may use separate keys. If this is the case, add the keys found in the Unzer backend to the payment method configuration in your store.","In some cases payment methods may use separate keys. If this is the case, add the keys found in the Unzer backend to the payment method configuration in your store."
"Customweb_UnzerCw::In some cases the transaction requires a few seconds until it is successfully authorized. When this option is enabled the user is hold until the transaction reach the final state. If this is not the case in 30 seconds a message is shown to the customer, which explains the situation.","In some cases the transaction requires a few seconds until it is successfully authorized. When this option is enabled the user is hold until the transaction reach the final state. If this is not the case in 30 seconds a message is shown to the customer, which explains the situation."
"Customweb_UnzerCw::Inactive","Inactive"
"Customweb_UnzerCw::Incl. Tax","Incl. belasting"
"Customweb_UnzerCw::Information","Information"
"Customweb_UnzerCw::Invalid login or password.","Invalid login or password."
"Customweb_UnzerCw::Invoice Items","Factuur items"
"Customweb_UnzerCw::Invoice Settlement","Invoice Settlement"
"Customweb_UnzerCw::Invoice Totals","Factuurtotalen"
"Customweb_UnzerCw::Invoice settlement","Creatie van de rekening"
"Customweb_UnzerCw::Invoice was created successfully","Het rekening is gemaakt met goed gevolg"
"Customweb_UnzerCw::InvoiceID Schema","InvoiceID Schema"
"Customweb_UnzerCw::Invoices","Facturen"
"Customweb_UnzerCw::Issue Number","Albumreeks"
"Customweb_UnzerCw::Issuer","Issuer"
"Customweb_UnzerCw::It is not possible to checkout in your country.","It is not possible to checkout in your country."
"Customweb_UnzerCw::Item","Item"
"Customweb_UnzerCw::Items","Items"
"Customweb_UnzerCw::Items Refunded","Items Refunded"
"Customweb_UnzerCw::JCB","JCB"
"Customweb_UnzerCw::Live","Live"
"Customweb_UnzerCw::Live HMAC Key","Live HMAC Key"
"Customweb_UnzerCw::Live Identifier (PBX_IDENTIFIANT)","Live Identifier (PBX_IDENTIFIANT)"
"Customweb_UnzerCw::Live Mode","Live Mode"
"Customweb_UnzerCw::Live Password","Live Password"
"Customweb_UnzerCw::Live Rang (PBX_RANG)","Live Rang (PBX_RANG)"
"Customweb_UnzerCw::Live Site ID (PBX_SITE)","Live Site ID (PBX_SITE)"
"Customweb_UnzerCw::Logging","Logging"
"Customweb_UnzerCw::Login","Login"
"Customweb_UnzerCw::Login & Register","Login & Register"
"Customweb_UnzerCw::Login and password are required.","Login and password are required."
"Customweb_UnzerCw::Mail order/telephone order authorization","Postorder / telefonische bestellingen machtiging"
"Customweb_UnzerCw::Manage Stores","Beheer winkels"
"Customweb_UnzerCw::Manage Unzer Aliases","Manage Unzer Aliases"
"Customweb_UnzerCw::Mandate","Mandate"
"Customweb_UnzerCw::MasterCard","MasterCard"
"Customweb_UnzerCw::Maximum Order Total","Maximum Bestel Total"
"Customweb_UnzerCw::Merchant name","Merchant name"
"Customweb_UnzerCw::Message","Bericht"
"Customweb_UnzerCw::Method Title","Method Title"
"Customweb_UnzerCw::Minimum Order Total","Minimum Bestel Total"
"Customweb_UnzerCw::Month","Maand"
"Customweb_UnzerCw::Mr","Mr"
"Customweb_UnzerCw::Mrs","Mrs"
"Customweb_UnzerCw::My Unzer Aliases","My Unzer Aliases"
"Customweb_UnzerCw::Narrow (label from shop)","Narrow (label from shop)"
"Customweb_UnzerCw::New Order","New Order"
"Customweb_UnzerCw::New Order Status","Niewe bestelstatus"
"Customweb_UnzerCw::New card","New card"
"Customweb_UnzerCw::Next Update Execution Date","Next Update Execution Date"
"Customweb_UnzerCw::No","Geen"
"Customweb_UnzerCw::No Items","No Items"
"Customweb_UnzerCw::No additional payment information available.","Geen extra betaling informatie beschikbaar"
"Customweb_UnzerCw::No authorization method found for payment method !method.","Geen vergunning methode gevonden voor de betalingswijze"
"Customweb_UnzerCw::No button returned.","Geen knop terug."
"Customweb_UnzerCw::No refund possible.","Geen terugbetaling mogelijk"
"Customweb_UnzerCw::No shipping method needed.","No shipping method needed."
"Customweb_UnzerCw::No, use the dropdown.","No, use the dropdown."
"Customweb_UnzerCw::Only an authorized transaction can be marked as finally declined.","Only an authorized transaction can be marked as finally declined."
"Customweb_UnzerCw::Only an uncertain transaction can be marked as finally declined.","Only an uncertain transaction can be marked as finally declined."
"Customweb_UnzerCw::Only authorized transaction can be cancelled.","Alleen geautoriseerde transacties kan worden geannuleerd."
"Customweb_UnzerCw::Only authorized transaction can be captured.","Alleen geautoriseerde transacties kunnen worden geregistreerd"
"Customweb_UnzerCw::Only authorized transaction can be refunded.","Alleen geautoriseerde transacties kunnen worden bijgeschreven."
"Customweb_UnzerCw::Only captured transaction can be refunded.","Alleen opgenomen transacties kunnen worden bijgeschreven."
"Customweb_UnzerCw::Only on captured transaction the flag customer refusing to pay can be set.","Only on captured transaction the flag customer refusing to pay can be set."
"Customweb_UnzerCw::Operation Mode","Operation Mode"
"Customweb_UnzerCw::Operation mode of the shop.","Operation mode of the shop."
"Customweb_UnzerCw::Order #","Order #"
"Customweb_UnzerCw::Order Grand Total","Bestel Grand Total"
"Customweb_UnzerCw::Order Information","Order Information"
"Customweb_UnzerCw::Order Prefix","Order Prefix"
"Customweb_UnzerCw::Order Review","Order Review"
"Customweb_UnzerCw::Order Summary","Order Summary"
"Customweb_UnzerCw::Order Total","Order Total"
"Customweb_UnzerCw::Order cancelled, because the customer was too long in the payment process of Unzer.","De bestelling is geannuleerd omdat de klant was te lang gevestigd in het betalingsproces van Unzer."
"Customweb_UnzerCw::Order was placed using %s","Order was placed using %s"
"Customweb_UnzerCw::OrderId Schema","OrderId Schema"
"Customweb_UnzerCw::Orders","Orders"
"Customweb_UnzerCw::Orders with with payments that are longer pending than the specified timeout in minutes are cancelled automatically.","Bestellingen waarvan de betaling is in behandeling langer dan de gedefinieerde time-out in minuten automatisch geannuleerd. Om deze functie moet je setup Magento cron gebruiken."
"Customweb_UnzerCw::Paid Amount","Betaalde bedrag"
"Customweb_UnzerCw::Partial refund not possible. You may retry with the total transaction amount.","Gedeeltelijke terugbetaling is niet mogelijk. Het bedrag hoger is dan het totale bedrag."
"Customweb_UnzerCw::Password","Password"
"Customweb_UnzerCw::Password and password confirmation are not equal.","Password and password confirmation are not equal."
"Customweb_UnzerCw::Pay with ____paymentMethodName____","Pay with ____paymentMethodName____"
"Customweb_UnzerCw::Payment","Payment"
"Customweb_UnzerCw::Payment Failed","Payment Failed"
"Customweb_UnzerCw::Payment ID","Betaling ID"
"Customweb_UnzerCw::Payment Id","Betaling ID"
"Customweb_UnzerCw::Payment Information","Informatie over betaling"
"Customweb_UnzerCw::Payment Method","Betalingsmethode"
"Customweb_UnzerCw::Payment captured successfully.","Betaling succes gevangen"
"Customweb_UnzerCw::Payment could not be authorized. Cancelling order. Reason : ","De betaling is niet geatoriseerde. De bestelling wordt geannuleerd. Reden:"
"Customweb_UnzerCw::Payment details can be entered after placing the order","Betaling informatie kan worden ingevoerd na het plaatsen van de bestelling"
"Customweb_UnzerCw::Payment from Applicable Countries","Payment from Applicable Countries"
"Customweb_UnzerCw::Payment from Specific Countries","Payment from Specific Countries"
"Customweb_UnzerCw::Payment from applicable countries","Betaling van de toepasselijke landen"
"Customweb_UnzerCw::Payment from specific countries","Betaling van specifieke landen"
"Customweb_UnzerCw::Payment is pending at UnzerCw","Betaling in behandeling bij UnzerCw"
"Customweb_UnzerCw::Payment method description","Beschrijving van de betaalmethode"
"Customweb_UnzerCw::Payment with %s","Payment with %s"
"Customweb_UnzerCw::Payment with Unzer","Betalen met Unzer"
"Customweb_UnzerCw::PaymentReference Schema","PaymentReference Schema"
"Customweb_UnzerCw::Payments may be updated periodically (interval in minutes). To use this feature you have to setup magento cron","Betalingen kunnen automatisch worden bijgewerkt (in minuten) via API (indien ingeschakeld). Om de functie te gebruiken, moet de Magento Cron worden ingeschakeld."
"Customweb_UnzerCw::Pending","Pending"
"Customweb_UnzerCw::Pending UnzerCw","Pending UnzerCw"
"Customweb_UnzerCw::Place Order","Place Order"
"Customweb_UnzerCw::Please agree to all the terms and conditions before placing the order.","Please agree to all the terms and conditions before placing the order."
"Customweb_UnzerCw::Please check the entered CVC number.","Controleer de ingevoerde CVC nummer."
"Customweb_UnzerCw::Please check the entered credit card number.","Controleer de ingevoerde creditcardnummer."
"Customweb_UnzerCw::Please check your inputs to ensure all company required fields are present.","Please check your inputs to ensure all company required fields are present."
"Customweb_UnzerCw::Please enter here the Bank Identifier Code (BIC).","Vul hier de Bank Identifier Code (BIC)."
"Customweb_UnzerCw::Please enter here the CVC code from your card. You find the code on the back of the card.","Voer hier het CVC uw kaart in te voeren. U kunt dit vinden op de achterkant van uw creditcard."
"Customweb_UnzerCw::Please enter here the International Bank Account Number (IBAN).","Voer hier het International Bank Account Number (IBAN)."
"Customweb_UnzerCw::Please enter here the account holder name on the card.","Vul hier de naam rekeninghouder op de kaart."
"Customweb_UnzerCw::Please enter here the account holder name.","Vul hier de naam van de rekeninghouder."
"Customweb_UnzerCw::Please enter here the account number of your bank account.","Vul het rekeningnummer van uw bankrekening in te voeren"
"Customweb_UnzerCw::Please enter here the bank code of your bank.","Vul hier de bankcode van uw bank in te voeren"
"Customweb_UnzerCw::Please enter here the card holder name on the card.","Geef de kaarthouder een"
"Customweb_UnzerCw::Please enter here the commercial number of your company.","Vul hier het commerciële nummer van uw bedrijf."
"Customweb_UnzerCw::Please enter here the name of the account owner.","Vul de naam van de rekeninghouder in te voeren"
"Customweb_UnzerCw::Please enter here the number on your card.","Vul het kaartnummer van uw creditcard in te voeren"
"Customweb_UnzerCw::Please enter here the sales tax number of your company.","Vul hier de omzetbelasting nummer van uw bedrijf."
"Customweb_UnzerCw::Please enter here your social security number.","Vul hier uw sofi-nummer."
"Customweb_UnzerCw::Please enter the location of your bank.","Vul de locatie van uw bank."
"Customweb_UnzerCw::Please enter the name of your bank.","Vul de naam van uw bank."
"Customweb_UnzerCw::Please enter your IBAN number.","Gelieve uw IBAN-nummer."
"Customweb_UnzerCw::Please enter your issue number, if there is no CVC code on your card.","Vul uw probleem nummer als er geen CVC code op uw kaart."
"Customweb_UnzerCw::Please flash or disable the cache storage and retry. If this did not help, change the authorization method to PaymentPage and <a href=""%s"" target=""_blank"">contact sellxed</a>.","Please flash or disable the cache storage and retry. If this did not help, change the authorization method to PaymentPage and <a href=""%s"" target=""_blank"">contact sellxed</a>."
"Customweb_UnzerCw::Please flash or disable the cache storage and retry. If this did not help, change the authorization method to PaymentPage and <a href=""%s"" target=""_blank"">contact sellxed</a>.', 'http://www.sellxed.com/en/support","Gelieve knipperen of de opslag cache uit te schakelen en probeer het opnieuw. Als dit niet helpt, moet u de machtiging methode om Payment Page en contact <a href=""%s"" target=""_blank"">sellXed</a>.', 'http://www.sellxed.com/en/support"
"Customweb_UnzerCw::Please flush or disable the cache storage and retry. If this did not help, change the authorization method to PaymentPage and <a href=""%s"" target=""_blank"">contact sellxed</a>.","Please flush or disable the cache storage and retry. If this did not help, change the authorization method to PaymentPage and <a href=""%s"" target=""_blank"">contact sellxed</a>."
"Customweb_UnzerCw::Please log in below:","Please log in below:"
"Customweb_UnzerCw::Please pay the amount of !amount using the following bank data:<br/><b>Descriptor:</b> !descriptor<br/><b>Account Holder:</b> !holder<br/><b>IBAN:</b> !iban<br/><b>BIC:</b> !bic<br/>","Please pay the amount of !amount using the following bank data:<br/><b>Descriptor:</b> !descriptor<br/><b>Account Holder:</b> !holder<br/><b>IBAN:</b> !iban<br/><b>BIC:</b> !bic<br/>"
"Customweb_UnzerCw::Please select","Selecteer aub"
"Customweb_UnzerCw::Please select a shipping method before sending the order.","Please select a shipping method before sending the order."
"Customweb_UnzerCw::Please select the Bank Identifier Code (BIC) of your bank.","Selecteer de Bank Identifier Code (BIC) van uw bank."
"Customweb_UnzerCw::Please select the day of your birth.","Kies de dag van je geboorte."
"Customweb_UnzerCw::Please select the expiry month on your card.","Selecteer de mot van vervaldatum op uw kaart."
"Customweb_UnzerCw::Please select the expiry year on your card.","Vul datum van de kaart de vervaldatum in te voeren"
"Customweb_UnzerCw::Please select the month of your birth.","Kies de maand van je geboorte."
"Customweb_UnzerCw::Please select the the year of your birth.","Selecteer het het jaar van uw geboorte."
"Customweb_UnzerCw::Please wait, processing your order...","Please wait, processing your order..."
"Customweb_UnzerCw::Price","Prijs"
"Customweb_UnzerCw::Private Key","Private Key"
"Customweb_UnzerCw::Private Key (Live)","Private Key (Live)"
"Customweb_UnzerCw::Private Key (Test)","Private Key (Test)"
"Customweb_UnzerCw::Private Key for live requests, provided by Unzer.","Private Key for live requests, provided by Unzer."
"Customweb_UnzerCw::Private Key for test requests, provided by Unzer.","Private Key for test requests, provided by Unzer."
"Customweb_UnzerCw::Processed partial cancel on authorize for amount @amount with id @id.","Processed partial cancel on authorize for amount @amount with id @id."
"Customweb_UnzerCw::Processing metadata failed","Processing metadata failed"
"Customweb_UnzerCw::Processing shipment failed","Processing shipment failed"
"Customweb_UnzerCw::Processing type failed","Processing type failed"
"Customweb_UnzerCw::Product","Product"
"Customweb_UnzerCw::Product Name","Product Name"
"Customweb_UnzerCw::Public Key","Public Key"
"Customweb_UnzerCw::Public Key (Live)","Public Key (Live)"
"Customweb_UnzerCw::Public Key (Test)","Public Key (Test)"
"Customweb_UnzerCw::Public Key for live requests, provided by Unzer.","Public Key for live requests, provided by Unzer."
"Customweb_UnzerCw::Public Key for test requests, provided by Unzer.","Public Key for test requests, provided by Unzer."
"Customweb_UnzerCw::Purchase Point","Purchase Point"
"Customweb_UnzerCw::Qty","Hoeveelheid"
"Customweb_UnzerCw::Recurring Payments","Recurring Payments"
"Customweb_UnzerCw::Refund Amount","Terug te betalen bedrag"
"Customweb_UnzerCw::Refund ID","Refund ID"
"Customweb_UnzerCw::Refund amount","Terug te betalen bedrag"
"Customweb_UnzerCw::Refund could not be completely processed, rest amount open: @amount","Refund could not be completely processed, rest amount open: @amount"
"Customweb_UnzerCw::Refund information","Informatie van de terugbetaling"
"Customweb_UnzerCw::Refund status","Status van de restitutie"
"Customweb_UnzerCw::Refunded Amount","Bedrag gecrediteerd"
"Customweb_UnzerCw::Refunded amount (@refunded) does not equal canceled amount (@canceled). Please check in your Unzer backend.","Refunded amount (@refunded) does not equal canceled amount (@canceled). Please check in your Unzer backend."
"Customweb_UnzerCw::Refunds","Refunds"
"Customweb_UnzerCw::Register","Register"
"Customweb_UnzerCw::Register to Create an Account","Register to Create an Account"
"Customweb_UnzerCw::Register with us for future convenience:","Register with us for future convenience:"
"Customweb_UnzerCw::Release Date","Release Date"
"Customweb_UnzerCw::Request was succesfull, but no recurring alias could be created.","Request was succesfull, but no recurring alias could be created."
"Customweb_UnzerCw::Rest has been cancelled.","Rest has been cancelled."
"Customweb_UnzerCw::Review","Review"
"Customweb_UnzerCw::Rounding Adjustment","Rounding Adjustment"
"Customweb_UnzerCw::Row Total","Rijtotaal"
"Customweb_UnzerCw::SEPA Mandate ID","SEPA Mandate ID"
"Customweb_UnzerCw::SKU:","SKU:"
"Customweb_UnzerCw::Sales","Sales"
"Customweb_UnzerCw::Sales Tax Number","Sales Tax nummer"
"Customweb_UnzerCw::Salutation","Salutation"
"Customweb_UnzerCw::Save","Bewaren"
"Customweb_UnzerCw::Saved cards:","Opgeslagen kaarten:"
"Customweb_UnzerCw::See order and shipping status","See order and shipping status"
"Customweb_UnzerCw::Select Brand","Kies een Merk"
"Customweb_UnzerCw::Select Method","Select Method"
"Customweb_UnzerCw::Select plan","Select plan"
"Customweb_UnzerCw::Select the authorization method to use for processing this payment method.","Selecteer de Autorisatie Methode voor deze betaalmethode."
"Customweb_UnzerCw::Select the date of your birth.","Kies de datum van uw geboorte."
"Customweb_UnzerCw::Select the date on which your card expires.","Selecteer de datum waarop uw kaart verloopt."
"Customweb_UnzerCw::Sellxed On Hold","Sellxed In de wacht"
"Customweb_UnzerCw::Send Basket","Send Basket"
"Customweb_UnzerCw::Send Customer","Send Customer"
"Customweb_UnzerCw::Send Invoice Email","Send Invoice Email"
"Customweb_UnzerCw::Send amounts to Unzer in base currency.","Send amounts to Unzer in base currency."
"Customweb_UnzerCw::Send amounts to Unzer in store's base currency.","Send amounts to Unzer in store's base currency."
"Customweb_UnzerCw::Send invoice email","Send invoice email"
"Customweb_UnzerCw::Send the invoice email automatically after invoice creation.","Send the invoice email automatically after invoice creation."
"Customweb_UnzerCw::Set direct capture after order. In this case your authoization will directly be captured on your customer's credit card","Voor 'Directe Boeking' het bedrag wordt direct in mindering gebracht na betaling voltooid. Voor 'Vertraagde boeking' het bedrag wordt gedebiteerd pas na een bepaalde periode van je."
"Customweb_UnzerCw::Set the sort order to show the external checkouts.","Set the sort order to show the external checkouts."
"Customweb_UnzerCw::Settlement after order","Creatie na de bestelling"
"Customweb_UnzerCw::Setup","Setup"
"Customweb_UnzerCw::Shipment created over @amount.","Shipment created over @amount."
"Customweb_UnzerCw::Shipment request has been processed.","Shipment request has been processed."
"Customweb_UnzerCw::Shipping & Handling","Shipping & Handling"
"Customweb_UnzerCw::Shipping Address","Shipping Address"
"Customweb_UnzerCw::Shipping Amount","Verzending bedrag"
"Customweb_UnzerCw::Shipping Information","Verzend Informatie"
"Customweb_UnzerCw::Shipping Method","Shipping Method"
"Customweb_UnzerCw::Shipping Methods","Shipping Methods"
"Customweb_UnzerCw::Shipping Refund","Verzending terugbetaling"
"Customweb_UnzerCw::Shop","Shop"
"Customweb_UnzerCw::Short Installation Instructions:","Short Installation Instructions:"
"Customweb_UnzerCw::Should customer data be transmitted to Unzer? This slightly increases the processing time due to an additional request, but may allow e.g. saving the payment method to the customer.","Should customer data be transmitted to Unzer? This slightly increases the processing time due to an additional request, but may allow e.g. saving the payment method to the customer."
"Customweb_UnzerCw::Should the amount be captured automatically after the order (Direct Charge) or should the amount only be reserved (Authorize)?","Should the amount be captured automatically after the order (Direct Charge) or should the amount only be reserved (Authorize)?"
"Customweb_UnzerCw::Should the amount be captured automatically after the order (Direkte Belastung) or should the amount only be reserved (Authorize)?","Should the amount be captured automatically after the order (Direkte Belastung) or should the amount only be reserved (Authorize)?"
"Customweb_UnzerCw::Should the invoice items be transmitted to Unzer? This slightly increases the processing time due to an additional request, and may cause issues for certain quantity / price combinations.","Should the invoice items be transmitted to Unzer? This slightly increases the processing time due to an additional request, and may cause issues for certain quantity / price combinations."
"Customweb_UnzerCw::Show","Show"
"Customweb_UnzerCw::Show Account Selection","Show Account Selection"
"Customweb_UnzerCw::Show Further Settings and Information","Toon meer instellingen en informatie"
"Customweb_UnzerCw::Show Image","Show Image"
"Customweb_UnzerCw::Show Payment Id","Show Payment Id"
"Customweb_UnzerCw::Show the payment id","Show the payment id"
"Customweb_UnzerCw::Show the payment id in the order information","Show the payment id in the order information"
"Customweb_UnzerCw::Show the payment image","Show the payment image"
"Customweb_UnzerCw::Show the payment image on the checkout page","Show the payment image on the checkout page"
"Customweb_UnzerCw::Sign In","Sign In"
"Customweb_UnzerCw::Social Security Number","Social Security Number"
"Customweb_UnzerCw::Sort Order","Schik de orde"
"Customweb_UnzerCw::Status","Status"
"Customweb_UnzerCw::Store the payment details","Store the payment details"
"Customweb_UnzerCw::Stored payment details","Stored payment details"
"Customweb_UnzerCw::Submit Order","Submit Order"
"Customweb_UnzerCw::Submitting order information...","Submitting order information..."
"Customweb_UnzerCw::Subtotal","Subtotaal"
"Customweb_UnzerCw::Success","Succes"
"Customweb_UnzerCw::Successful","Met goed gevolg"
"Customweb_UnzerCw::Successful online refund of amount","Succesvolle online teruggaaf van bedragen"
"Customweb_UnzerCw::Successful payment authorization.","Succesvolle machtiging."
"Customweb_UnzerCw::Successfull online refund of amount","Het bedrag werd met succes terugbetaald."
"Customweb_UnzerCw::Support","Support"
"Customweb_UnzerCw::Tax Amount","Belastingbedrag"
"Customweb_UnzerCw::Technical issue: This payment methods is not available at the moment.","Technisch probleem: Deze betaalmethode is momenteel niet beschikbaar."
"Customweb_UnzerCw::Test","Test"
"Customweb_UnzerCw::Test Mode","Test Mode"
"Customweb_UnzerCw::Test Transaction","Test Transaction"
"Customweb_UnzerCw::The HMAC key as defined in the live backoffice of Unzer. You may need generate the HMAC key. Please take a look at the manual how to do this.","The HMAC key as defined in the live backoffice of Unzer. You may need generate the HMAC key. Please take a look at the manual how to do this."
"Customweb_UnzerCw::The SEPA mandate schema does not contain the tag '!tag'. This tag is required.","De SEPA-machtiging schema niet de tag 'tag!' Bevatten. Deze tag is nodig."
"Customweb_UnzerCw::The alias could not be found.","The alias could not be found."
"Customweb_UnzerCw::The alias has been deleted.","De alias is verwijderd."
"Customweb_UnzerCw::The alias transaction could not be conductet with error code: !code, and reason: !reason:","The alias transaction could not be conductet with error code: !code, and reason: !reason:"
"Customweb_UnzerCw::The amount could not be verified.","The amount could not be verified."
"Customweb_UnzerCw::The amount of !amount is authorized.","Het bedrag van !amount is toegestaan."
"Customweb_UnzerCw::The amount of !amount is captured.","De hoeveelheid !amount wordt opgevangen."
"Customweb_UnzerCw::The authorization method '!method' is not supported.","De methode vergunning '!method' wordt niet ondersteund."
"Customweb_UnzerCw::The authorization was not successful","The authorization was not successful"
"Customweb_UnzerCw::The brand of the credit card is detected by the card number if hidden authorization is used. If the payment page is used, the user has to select the brand. The allowed credit card brands can be restricted by this setting.","The brand of the credit card is detected by the card number if hidden authorization is used. If the payment page is used, the user has to select the brand. The allowed credit card brands can be restricted by this setting."
"Customweb_UnzerCw::The brand with external name '!key' was not present in the map.","Het merk met externe naam  '!key' was niet in de kaart."
"Customweb_UnzerCw::The brand with key '!key' was not found in the card information map.","Het merk met de belangrijkste !key'  werd niet gevonden in de kaartinformatie kaart."
"Customweb_UnzerCw::The cancellation could not be conducted. Error code: !error.","The cancellation could not be conducted. Error code: !error."
"Customweb_UnzerCw::The capture amount (!captureAmount) cannot be greater than the authorized amount (!authorizedAmount).","De vangst bedrag (!captureAmount) kan niet hoger zijn dan het toegestane bedrag (!authorizedAmount)."
"Customweb_UnzerCw::The capture item with SKU '@sku' has a higher amount (@amountItem) as the original item (@amountOriginal).","The capture item with SKU '@sku' has a higher amount (@amountItem) as the original item (@amountOriginal)."
"Customweb_UnzerCw::The capture item with SKU '@sku' is not present in the original order.","The capture item with SKU '@sku' is not present in the original order."
"Customweb_UnzerCw::The capturing could not be conducted. Error code: !error.","The capturing could not be conducted. Error code: !error."
"Customweb_UnzerCw::The card brand selection is automatically done depending on the entered card number. If no Javascript is active in the browser, a drop down is shown. In case JavaScript a the brand logos can be shown. Should the brand selection using images?","The card brand selection is automatically done depending on the entered card number. If no Javascript is active in the browser, a drop down is shown. In case JavaScript a the brand logos can be shown. Should the brand selection using images?"
"Customweb_UnzerCw::The configuration has been saved.","De configuratie is opgeslagen."
"Customweb_UnzerCw::The controller class '@controller' does not provide any method with annotation 'Customweb_Payment_Endpoint_Annotation_ExtractionMethod' and valid output.","The controller class '@controller' does not provide any method with annotation 'Customweb_Payment_Endpoint_Annotation_ExtractionMethod' and valid output."
"Customweb_UnzerCw::The customer does not finish the payment with in the timeout.","The customer does not finish the payment with in the timeout."
"Customweb_UnzerCw::The date of birth is required.","The date of birth is required."
"Customweb_UnzerCw::The expected format is '!format' where the 'MM' means the month number and 'YY' the year number.","De verwachte formaat is '!format' waar de 'MM' is de maand nummer en 'YY' het jaartal."
"Customweb_UnzerCw::The gender is required.","The gender is required."
"Customweb_UnzerCw::The given CVC code has the wrong length.","De gegeven CVC-code heeft de verkeerde lengte."
"Customweb_UnzerCw::The given card number has an invalid check sum.","Het opgegeven kaartnummer heeft een ongeldige checksum."
"Customweb_UnzerCw::The given card number has an invalid length.","Het opgegeven kaartnummer heeft een ongeldige lengte."
"Customweb_UnzerCw::The given hmac key is empty.","The given hmac key is empty."
"Customweb_UnzerCw::The given identifier is empty.","The given identifier is empty."
"Customweb_UnzerCw::The given password is empty.","The given password is empty."
"Customweb_UnzerCw::The given rang is empty. It must be a nummeric value with length of two.","The given rang is empty. It must be a nummeric value with length of two."
"Customweb_UnzerCw::The given rang is invalid. It must be a nummeric value with length of two.","The given rang is invalid. It must be a nummeric value with length of two."
"Customweb_UnzerCw::The given site number is empty.","The given site number is empty."
"Customweb_UnzerCw::The identifier as defined in the backoffice of Unzer.","The identifier as defined in the backoffice of Unzer."
"Customweb_UnzerCw::The interest rate in percent that you enter here will be applied onto the instalment. The rate must be above the amount that you have agreed up on with Unzer.","The interest rate in percent that you enter here will be applied onto the instalment. The rate must be above the amount that you have agreed up on with Unzer."
"Customweb_UnzerCw::The invoice could not be captured and processed by","De rekening kon niet worden geboekt en bewerkt van Unzer."
"Customweb_UnzerCw::The invoice could not be captured and processed. Reason:","De factuur kan niet worden vastgelegd en verwerkt. Reden:"
"Customweb_UnzerCw::The invoice could not be found.","De factuur kan niet worden gevonden."
"Customweb_UnzerCw::The invoice has been changed.","De factuur is gewijzigd."
"Customweb_UnzerCw::The invoice no longer exists.","De factuur bestaat niet meer."
"Customweb_UnzerCw::The layout does not contain the tag '!layout_tag'.","De lay-out is niet de tag '!layout_tag' bevatten."
"Customweb_UnzerCw::The next update execution date indicates when the next cron is run to update the transaction state.","The next update execution date indicates when the next cron is run to update the transaction state."
"Customweb_UnzerCw::The order is not fully completed. Please contact the store owner.","The order is not fully completed. Please contact the store owner."
"Customweb_UnzerCw::The payment form will be displayed after submitting the order.","The payment form will be displayed after submitting the order."
"Customweb_UnzerCw::The payment has been accepted.","The payment has been accepted."
"Customweb_UnzerCw::The payment has been denied.","The payment has been denied."
"Customweb_UnzerCw::The payment method !paymentMethodName does not support the currency '!currency'.","De betaalmethode !paymentMethodName ondersteunt niet de munt '!currency'."
"Customweb_UnzerCw::The payment method !paymentMethodName is not available in your country ('!country').","De betaalmethode !paymentMethodName is niet beschikbaar in uw land ('!country')."
"Customweb_UnzerCw::The payment update has been made.","The payment update has been made."
"Customweb_UnzerCw::The provided signature does not match with the one calculated.","The provided signature does not match with the one calculated."
"Customweb_UnzerCw::The rang (PBX_RANG) as defined in the live backoffice of Unzer. It must be nummeric value with length two. In the backoffice it may be displayed as a three char value. You must truncate the first digit.","The rang (PBX_RANG) as defined in the live backoffice of Unzer. It must be nummeric value with length two. In the backoffice it may be displayed as a three char value. You must truncate the first digit."
"Customweb_UnzerCw::The refund item with SKU '@sku' has a higher amount (@amountItem) as the original item (@amountOriginal).","The refund item with SKU '@sku' has a higher amount (@amountItem) as the original item (@amountOriginal)."
"Customweb_UnzerCw::The refund item with SKU '@sku' is not present in the original order.","The refund item with SKU '@sku' is not present in the original order."
"Customweb_UnzerCw::The refunding could not be conducted. Error code: !error.","The refunding could not be conducted. Error code: !error."
"Customweb_UnzerCw::The shopping cart has been altered!","The shopping cart has been altered!"
"Customweb_UnzerCw::The signature could not be verified.","The signature could not be verified."
"Customweb_UnzerCw::The site id (PBX_RANG) as defined in the backoffice of Unzer.","The site id (PBX_RANG) as defined in the backoffice of Unzer."
"Customweb_UnzerCw::The total refund amount (!totalRefundedAmount) cannot be greater than the captured amount (!capturedAmount).","Het totaal terug te betalen bedrag kan niet hoger zijn dan de vastgelegde bedrag"
"Customweb_UnzerCw::The transaction cannot be cancelled online.","The transaction cannot be cancelled online."
"Customweb_UnzerCw::The transaction cannot be captured online.","The transaction cannot be captured online."
"Customweb_UnzerCw::The transaction cannot be refunded online.","The transaction cannot be refunded online."
"Customweb_UnzerCw::The transaction failed for an unknown reason.","The transaction failed for an unknown reason."
"Customweb_UnzerCw::The transaction failed for an unkown reason.","The transaction failed for an unkown reason."
"Customweb_UnzerCw::The transaction failed with error code !code.","The transaction failed with error code !code."
"Customweb_UnzerCw::The transaction is only executed in the test system. The goods should not be delivered.","The transaction is only executed in the test system. The goods should not be delivered."
"Customweb_UnzerCw::The transaction is pending.","The transaction is pending."
"Customweb_UnzerCw::The transaction was cancelled.","The transaction was cancelled."
"Customweb_UnzerCw::The uncertain transaction was accepted.","De ongedekte transactie werd aanvaard."
"Customweb_UnzerCw::The uncertain transaction was finally declined.","De ongedekte transactie werd uiteindelijk verworpen."
"Customweb_UnzerCw::The value for '@label' must be set in the configuration.","The value for '@label' must be set in the configuration."
"Customweb_UnzerCw::The whole transaction is cancelled.","De gehele transactie is geannuleerd."
"Customweb_UnzerCw::There has been a problem during the processing of your payment.","There has been a problem during the processing of your payment."
"Customweb_UnzerCw::There has been a problem during the processing of your payment. Please contact the shop owner to make sure your order was placed successfully.","Er is een probleem bij de verwerking van uw betaling. Neem contact op met de winkel eigenaar om ervoor te zorgen dat uw bestelling succesvol geplaatst wordt."
"Customweb_UnzerCw::There is a problem with your license. Please contact us (www.sellxed.com/support). Reason: %1","There is a problem with your license. Please contact us (www.sellxed.com/support). Reason: %1"
"Customweb_UnzerCw::There is a problem with your license. Please contact us (www.sellxed.com/support). Reason: %s","There is a problem with your license. Please contact us (www.sellxed.com/support). Reason: %s"
"Customweb_UnzerCw::There is already a customer registered using this email address. Please login using this email address or enter a different email address to register your account.","There is already a customer registered using this email address. Please login using this email address or enter a different email address to register your account."
"Customweb_UnzerCw::There seems to be a problem with the Unzer module.","Er lijkt een probleem met de Unzer module zijn."
"Customweb_UnzerCw::There was an error validating the login and password.","There was an error validating the login and password."
"Customweb_UnzerCw::This account is not confirmed. <a href=""%s"">Click here</a> to resend confirmation email.","This account is not confirmed. <a href=""%s"">Click here</a> to resend confirmation email."
"Customweb_UnzerCw::This is a brief installation instruction of the main and most important installation steps. It is important that you strictly follow the check-list. Only by doing so, the secure usage in correspondence with all security regulations can be guaranteed.","This is a brief installation instruction of the main and most important installation steps. It is important that you strictly follow the check-list. Only by doing so, the secure usage in correspondence with all security regulations can be guaranteed."
"Customweb_UnzerCw::This password is used for recurring payments and for the alias manager as well as for the server authorization. This is the password of the Unzer account.","This password is used for recurring payments and for the alias manager as well as for the server authorization. This is the password of the Unzer account."
"Customweb_UnzerCw::This setting can be used to activate resp. deactivate the 3D secure check. Please check with PayBox if you are allowed to deactivate the 3D secure check. This setting has only an effect when you use the payment page.","This setting can be used to activate resp. deactivate the 3D secure check. Please check with PayBox if you are allowed to deactivate the 3D secure check. This setting has only an effect when you use the payment page."
"Customweb_UnzerCw::This status is set, when the payment was successfull and it is authorized.","This status is set, when the payment was successfull and it is authorized."
"Customweb_UnzerCw::This transaction is already closed for further captures.","Deze transactie is gesloten en geen verdere gegevens worden gemaakt."
"Customweb_UnzerCw::This transaction is already closed for further refunds.","Deze transactie werd gesloten voor meer credits."
"Customweb_UnzerCw::This transaction no longer exists.","This transaction no longer exists."
"Customweb_UnzerCw::Timeout for pending payments (min)","Time-out voor lopende betalingen (min)"
"Customweb_UnzerCw::Titel","Titel"
"Customweb_UnzerCw::Title","Title"
"Customweb_UnzerCw::Title of the payment method","Naam van de betalingsmethode"
"Customweb_UnzerCw::Total","Totaal"
"Customweb_UnzerCw::Total Shipping Charges","Totale verzendkosten"
"Customweb_UnzerCw::Track order history","Track order history"
"Customweb_UnzerCw::Transaction","Transaction"
"Customweb_UnzerCw::Transaction Authorized","Geautoriseerde transactie"
"Customweb_UnzerCw::Transaction Cancelled","Transactie geannuleerd"
"Customweb_UnzerCw::Transaction Captured","Transactie opgenomen"
"Customweb_UnzerCw::Transaction History","Transaction History"
"Customweb_UnzerCw::Transaction Id","Transaction Id"
"Customweb_UnzerCw::Transaction Paid","Transactie betaald"
"Customweb_UnzerCw::Transaction Uncertain","Transactie is onzeker"
"Customweb_UnzerCw::Transaction Updates","Transaction Updates"
"Customweb_UnzerCw::Transaction cancelled successfully","Transactie met succes geannuleerd"
"Customweb_UnzerCw::Transaction captured successfully","Transactie met succes gevangen"
"Customweb_UnzerCw::Transaction history","Overzicht transactie"
"Customweb_UnzerCw::Transaction in state partial capture.","Transaction in state partial capture."
"Customweb_UnzerCw::Transaction is in state partial capture.","Transaction is in state partial capture."
"Customweb_UnzerCw::Transaction should be manually reviewed due to a received chargeback.","Transaction should be manually reviewed due to a received chargeback."
"Customweb_UnzerCw::Transaction should be manually reviewed.","Transaction should be manually reviewed."
"Customweb_UnzerCw::Transaction was authorized over the deferred authorization mechanism.","Transactie werd toegestaan ​​over de uitgestelde autorisatiemechanisme."
"Customweb_UnzerCw::Transaction was authorized, but is already failed in store.","Transaction was authorized, but is already failed in store."
"Customweb_UnzerCw::Transaction was cancelled or refunded, but status change cannot be reflected in store.","Transaction was cancelled or refunded, but status change cannot be reflected in store."
"Customweb_UnzerCw::Transaction was cancelled, but is already authorized in store.","Transaction was cancelled, but is already authorized in store."
"Customweb_UnzerCw::Transaction was captured in Unzer, but cannot be captured in store.","Transaction was captured in Unzer, but cannot be captured in store."
"Customweb_UnzerCw::Transactions","Transactions"
"Customweb_UnzerCw::Unable to process form data: '@inner'.","Unable to process form data: '@inner'."
"Customweb_UnzerCw::Unable to save the invoice.","Niet in staat om de factuur op te slaan."
"Customweb_UnzerCw::Uncertain Status","Uncertain Status"
"Customweb_UnzerCw::Uncertain transactions","Onzekere transacties"
"Customweb_UnzerCw::Unfortunately you cannot continue.","Unfortunately you cannot continue."
"Customweb_UnzerCw::Unless you select this checkbox, the payment will be captured at the PSP and you can not add additional captures.","Unless you select this checkbox, the payment will be captured at the PSP and you can not add additional captures."
"Customweb_UnzerCw::Update","Update"
"Customweb_UnzerCw::Update Qty's","Hoeveelheden update"
"Customweb_UnzerCw::Update interval for payments","Update Intervall voor betalingen"
"Customweb_UnzerCw::Use Base Currency","Use Base Currency"
"Customweb_UnzerCw::Use Default","Gebruik standaardinstellingen"
"Customweb_UnzerCw::Use base currency","Use base currency"
"Customweb_UnzerCw::VISA","VISA"
"Customweb_UnzerCw::Validation","Bevestiging"
"Customweb_UnzerCw::Value for '@name' must be set.","Value for '@name' must be set."
"Customweb_UnzerCw::Version","Version"
"Customweb_UnzerCw::View","View"
"Customweb_UnzerCw::Wait On Success Page","Wait On Success Page"
"Customweb_UnzerCw::We cannot get the transaction instance.","We cannot get the transaction instance."
"Customweb_UnzerCw::We experienced a problem with your sellxed payment extension. For more information, please visit the configuration page of the plugin.","We ervaren een probleem met uw betaling extensie van sellxed. Voor meer informatie kunt u terecht op de configuratie pagina van de plugin."
"Customweb_UnzerCw::When the store is not available (network outage, server failure or any other outage), when the feedback of Unzer is sent, then the transaction state is not updated. Hence no order confirmation e-mail is sent and the order is not in the paid state. By activating the transaction update, such transactions can be authorized later over direct link. To use this feature the update service must be activated and the API username and the API password must be set.","When the store is not available (network outage, server failure or any other outage), when the feedback of Unzer is sent, then the transaction state is not updated. Hence no order confirmation e-mail is sent and the order is not in the paid state. By activating the transaction update, such transactions can be authorized later over direct link. To use this feature the update service must be activated and the API username and the API password must be set."
"Customweb_UnzerCw::When using an external checkout, the customer can either be asked to chose an option to authenticate (as guest, register or login) or he can always be checked out as guest. For the second option to work, guest checkout has to be enabled in magento.","When using an external checkout, the customer can either be asked to chose an option to authenticate (as guest, register or login) or he can always be checked out as guest. For the second option to work, guest checkout has to be enabled in magento."
"Customweb_UnzerCw::Wide (label from Unzer)","Wide (label from Unzer)"
"Customweb_UnzerCw::Year","Jaar"
"Customweb_UnzerCw::Yes","Ja"
"Customweb_UnzerCw::Yes, use images for the brand selection.","Yes, use images for the brand selection."
"Customweb_UnzerCw::You can allow the customers to manage/delete their aliases in the their account.","You can allow the customers to manage/delete their aliases in the their account."
"Customweb_UnzerCw::You can decide on the order status new orders should have after they are processed successfully.","Definiër de order status, die met succes werden verwerkt."
"Customweb_UnzerCw::You can decide on the order status new orders should have that have an uncertain authorization status.","Definiër de order status, die een onzekere status hebben."
"Customweb_UnzerCw::You can specify the order status for new orders that have an uncertain authorisation status.","You can specify the order status for new orders that have an uncertain authorisation status."
"Customweb_UnzerCw::You can specify the order status for orders that are captured either directly after the order or manually in the backend.","You can specify the order status for orders that are captured either directly after the order or manually in the backend."
"Customweb_UnzerCw::You can specify the order status when an order is cancelled.","You can specify the order status when an order is cancelled."
"Customweb_UnzerCw::You created the order.","You created the order."
"Customweb_UnzerCw::You have no stored aliases.","You have no stored aliases."
"Customweb_UnzerCw::You have to configure the merchant name in the payment method configuration.","You have to configure the merchant name in the payment method configuration."
"Customweb_UnzerCw::You have to enter a card number.","Je moet een kaartnummer in te voeren."
"Customweb_UnzerCw::You have to enter bank code of your bank.","Je moet bankcode van uw bank in te voeren."
"Customweb_UnzerCw::You have to enter commercial number of you company.","Je moet commerciële aantal van jullie bedrijf in te voeren."
"Customweb_UnzerCw::You have to enter either the CVC code or the issue number of your card.","Je moet ofwel de CVC-code of het nummer van afgifte van uw kaart in te voeren."
"Customweb_UnzerCw::You have to enter sales tax number of you company.","Je moet omzetbelasting aantal van jullie bedrijf in te voeren."
"Customweb_UnzerCw::You have to enter sales tax number of your company.","You have to enter sales tax number of your company."
"Customweb_UnzerCw::You have to enter the BIC.","Je moet de BIC in te voeren."
"Customweb_UnzerCw::You have to enter the CVC code from your card.","U moet de CVC uw kaart in te voeren."
"Customweb_UnzerCw::You have to enter the IBAN.","Je moet de IBAN in te voeren."
"Customweb_UnzerCw::You have to enter the account holder name on the card.","Je moet de naam rekeninghouder op de kaart in te voeren."
"Customweb_UnzerCw::You have to enter the account holder name.","Je moet de naam van de rekeninghouder te voeren."
"Customweb_UnzerCw::You have to enter the card holder name on the card.","U moet de kaarthouder in te voeren."
"Customweb_UnzerCw::You have to enter the location of your bank.","Je moet de locatie van uw bank in te voeren."
"Customweb_UnzerCw::You have to enter the name of the account owner.","Je moet de rekeninghouder te voeren."
"Customweb_UnzerCw::You have to enter the name of your bank.","Je moet de naam van uw bank in te voeren."
"Customweb_UnzerCw::You have to enter your IBAN Number.","Je moet voer uw IBAN-nummer."
"Customweb_UnzerCw::You have to enter your bank account number.","Je moet het rekeningnummer van uw bankrekening in te voeren."
"Customweb_UnzerCw::You have to enter your social security number.","U moet uw sofi-nummer in te voeren."
"Customweb_UnzerCw::You may choose one of the cards you paid before on this site.","U kunt kiezen uit een eerder gebruikte kaart:"
"Customweb_UnzerCw::You may choose one of your stored payment details.","You may choose one of your stored payment details."
"Customweb_UnzerCw::You will be redirect to the order confirmation page.","U wordt omgeleid naar de pagina orderbevestiging."
"Customweb_UnzerCw::Your browser does not allow the execution of JavaScript. Please activate JavaScript in your browser and reload this page.","Uw browser staat niet toe dat de uitvoering van JavaScript. Gelieve JavaScript te activeren in uw browser en herlaad deze pagina."
"Customweb_UnzerCw::Your checkout session expired.","Your checkout session expired."
"Customweb_UnzerCw::Your payment is currently pending.","Your payment is currently pending."
"Customweb_UnzerCw::UnzerCw Aliases","UnzerCw Alias"
"Customweb_UnzerCw::____paymentMethodName____","____paymentMethodName____"
"Customweb_UnzerCw::Unzer Aliases","Unzer Aliases"
"Customweb_UnzerCw::Unzer Authorization ID","Unzer Authorization ID"
"Customweb_UnzerCw::Unzer Basket ID","Unzer Basket ID"
"Customweb_UnzerCw::Unzer Canceled Amount","Unzer Canceled Amount"
"Customweb_UnzerCw::Unzer Charge ID","Unzer Charge ID"
"Customweb_UnzerCw::Unzer Charged Amount","Unzer Charged Amount"
"Customweb_UnzerCw::Unzer Customer ID","Unzer Customer ID"
"Customweb_UnzerCw::Unzer Error","Fout met Unzer"
"Customweb_UnzerCw::Unzer Metadata ID","Unzer Metadata ID"
"Customweb_UnzerCw::Unzer Parameters","Unzer Parameters"
"Customweb_UnzerCw::Unzer Payment ID","Unzer Payment ID"
"Customweb_UnzerCw::Unzer Refund Items","Unzer Refund Items"
"Customweb_UnzerCw::Unzer Remaining Amount","Unzer Remaining Amount"
"Customweb_UnzerCw::Unzer Section","Unzer Section"
"Customweb_UnzerCw::Unzer Short ID","Unzer Short ID"
"Customweb_UnzerCw::Unzer Total Amount","Unzer Total Amount"
"Customweb_UnzerCw::Unzer Trace ID","Unzer Trace ID"
"Customweb_UnzerCw::Unzer Trace ID (processing)","Unzer Trace ID (processing)"
"Customweb_UnzerCw::Unzer Transactions","Unzer Transactions"
"Customweb_UnzerCw::Unzer Type ID","Unzer Type ID"
"Customweb_UnzerCw::Unzer Unique ID","Unzer Unique ID"
"Customweb_UnzerCw::Unzer:","Unzer:"
"Customweb_UnzerCw::Unzer: Alias Management","Unzer: Alias Management"
"Customweb_UnzerCw::customweb ltd","customweb ltd"
"Customweb_UnzerCw::no","no"
"Customweb_UnzerCw::or","or"
"Customweb_UnzerCw::yes","yes"
